check_date,origin,destination,depart_date,return_date,rank,price_krw,airlines,stops,depart_time,arrive_time,duration_min,carbon_kg,price_level,typical_low,typical_high
2026-06-22,PUS,DAD,2026-08-03,2026-08-08,1,1442200.0,홍콩 익스프레스항공,1,2026-08-03 14:20,2026-08-04 11:05,1365,462.0,high,425000,1000000
2026-06-22,PUS,DAD,2026-08-03,2026-08-08,2,1473000.0,에어부산,0,2026-08-03 22:05,2026-08-04 01:10,305,502.0,high,425000,1000000
2026-06-22,PUS,DAD,2026-08-03,2026-08-08,3,1474800.0,진에어,0,2026-08-03 21:15,2026-08-03 23:55,280,478.0,high,425000,1000000
2026-06-22,PUS,DAD,2026-08-03,2026-08-08,4,1593000.0,에어부산,0,2026-08-03 20:50,2026-08-03 23:50,300,490.0,high,425000,1000000
2026-06-22,PUS,DAD,2026-08-03,2026-08-08,5,1909000.0,"대한항공,진에어",1,2026-08-03 16:30,2026-08-03 23:15,525,525.0,high,425000,1000000
2026-06-22,PUS,DAD,2026-08-03,2026-08-08,6,2034600.0,"대한항공,아시아나항공",1,2026-08-03 16:30,2026-08-03 21:50,440,530.0,high,425000,1000000
2026-06-22,PUS,DAD,2026-08-03,2026-08-08,7,2059000.0,대한항공,1,2026-08-03 08:45,2026-08-03 14:20,455,569.0,high,425000,1000000
2026-06-22,PUS,DAD,2026-08-03,2026-08-08,8,2121672.0,베트남항공,1,2026-08-03 10:00,2026-08-03 17:20,560,594.0,high,425000,1000000
2026-06-22,PUS,DAD,2026-08-03,2026-08-08,9,2184436.0,베트남항공,1,2026-08-03 10:00,2026-08-03 16:50,530,599.0,high,425000,1000000
2026-06-22,PUS,DAD,2026-08-03,2026-08-09,1,1433000.0,에어부산,0,2026-08-03 22:05,2026-08-04 01:10,305,502.0,high,430000,1050000
2026-06-22,PUS,DAD,2026-08-03,2026-08-09,2,1474800.0,진에어,0,2026-08-03 21:15,2026-08-03 23:55,280,478.0,high,430000,1050000
2026-06-22,PUS,DAD,2026-08-03,2026-08-09,3,1553000.0,에어부산,0,2026-08-03 20:50,2026-08-03 23:50,300,490.0,high,430000,1050000
2026-06-22,PUS,DAD,2026-08-03,2026-08-09,4,1623000.0,홍콩 익스프레스항공,1,2026-08-03 14:20,2026-08-04 11:05,1365,462.0,high,430000,1050000
2026-06-22,PUS,DAD,2026-08-03,2026-08-09,5,1838618.0,베트남항공,1,2026-08-03 10:00,2026-08-03 16:50,530,599.0,high,430000,1050000
2026-06-22,PUS,DAD,2026-08-03,2026-08-09,6,1857078.0,베트남항공,1,2026-08-03 11:00,2026-08-03 17:30,510,463.0,high,430000,1050000
2026-06-22,PUS,DAD,2026-08-03,2026-08-09,7,1909000.0,"대한항공,진에어",1,2026-08-03 16:30,2026-08-03 23:15,525,525.0,high,430000,1050000
2026-06-22,PUS,DAD,2026-08-03,2026-08-09,8,1929600.0,"대한항공,아시아나항공",1,2026-08-03 16:30,2026-08-03 21:50,440,530.0,high,430000,1050000
2026-06-22,PUS,DAD,2026-08-03,2026-08-09,9,2056400.0,대한항공,1,2026-08-03 08:45,2026-08-03 14:20,455,569.0,high,430000,1050000
2026-06-22,PUS,CXR,2026-08-03,2026-08-08,1,1532430.0,비엣젯항공,0,2026-08-03 10:55,2026-08-03 13:35,280,506.0,high,510000,1050000
2026-06-22,PUS,CXR,2026-08-03,2026-08-08,2,1620400.0,베트남항공,0,2026-08-03 07:55,2026-08-03 10:30,275,562.0,high,510000,1050000
2026-06-22,PUS,CXR,2026-08-03,2026-08-08,3,1624400.0,티웨이항공,0,2026-08-03 21:10,2026-08-04 00:10,300,503.0,high,510000,1050000
2026-06-22,PUS,CXR,2026-08-03,2026-08-08,4,1633000.0,에어부산,0,2026-08-03 19:20,2026-08-03 22:20,300,502.0,high,510000,1050000
2026-06-22,PUS,CXR,2026-08-03,2026-08-08,5,1754800.0,진에어,0,2026-08-03 20:05,2026-08-03 22:55,290,503.0,high,510000,1050000
2026-06-22,PUS,CXR,2026-08-03,2026-08-08,6,1784469.0,베트남항공,1,2026-08-03 11:00,2026-08-03 17:20,500,557.0,high,510000,1050000
2026-06-22,PUS,CXR,2026-08-03,2026-08-09,1,1433000.0,에어부산,0,2026-08-03 19:20,2026-08-03 22:20,300,502.0,high,520000,1100000
2026-06-22,PUS,CXR,2026-08-03,2026-08-09,2,1464400.0,티웨이항공,0,2026-08-03 21:10,2026-08-04 00:10,300,503.0,high,520000,1100000
2026-06-22,PUS,CXR,2026-08-03,2026-08-09,3,1532200.0,베트남항공,0,2026-08-03 07:55,2026-08-03 10:30,275,562.0,high,520000,1100000
2026-06-22,PUS,CXR,2026-08-03,2026-08-09,4,1532430.0,비엣젯항공,0,2026-08-03 10:55,2026-08-03 13:35,280,506.0,high,520000,1100000
2026-06-22,PUS,CXR,2026-08-03,2026-08-09,5,1695245.0,베트남항공,1,2026-08-03 11:00,2026-08-03 17:20,500,557.0,high,520000,1100000
2026-06-22,PUS,CXR,2026-08-03,2026-08-09,6,2205000.0,진에어,0,2026-08-03 20:05,2026-08-03 22:55,290,503.0,high,520000,1100000
2026-06-22,PUS,BKK,2026-08-03,2026-08-08,1,1215600.0,제주항공,0,2026-08-03 20:00,2026-08-03 23:50,350,594.0,high,580000,950000
2026-06-22,PUS,BKK,2026-08-03,2026-08-08,2,1311600.0,홍콩 익스프레스항공,1,2026-08-03 07:45,2026-08-03 15:30,585,513.0,high,580000,950000
2026-06-22,PUS,BKK,2026-08-03,2026-08-08,3,1376000.0,에어부산,0,2026-08-03 18:00,2026-08-03 21:45,345,627.0,high,580000,950000
2026-06-22,PUS,BKK,2026-08-03,2026-08-08,4,1596600.0,"캐세이패시픽항공,홍콩 익스프레스항공",1,2026-08-03 07:45,2026-08-03 14:00,495,520.0,high,580000,950000
2026-06-22,PUS,BKK,2026-08-03,2026-08-08,5,1952085.0,"동방항공,상하이항공",1,2026-08-03 12:35,2026-08-03 20:55,620,694.0,high,580000,950000
2026-06-22,PUS,BKK,2026-08-03,2026-08-08,6,1997989.0,베트남항공,1,2026-08-03 11:00,2026-08-03 18:05,545,554.0,high,580000,950000
2026-06-22,PUS,BKK,2026-08-03,2026-08-08,7,2095520.0,대한항공,1,2026-08-03 07:00,2026-08-03 13:35,515,830.0,high,580000,950000
2026-06-22,PUS,BKK,2026-08-03,2026-08-08,8,2273780.0,비엣젯항공,1,2026-08-03 08:10,2026-08-03 14:45,515,711.0,high,580000,950000
2026-06-22,PUS,BKK,2026-08-03,2026-08-09,1,1152600.0,홍콩 익스프레스항공,1,2026-08-03 07:45,2026-08-03 15:30,585,513.0,high,570000,980000
2026-06-22,PUS,BKK,2026-08-03,2026-08-09,2,1246000.0,에어부산,0,2026-08-03 18:00,2026-08-03 21:45,345,627.0,high,570000,980000
2026-06-22,PUS,BKK,2026-08-03,2026-08-09,3,1283600.0,제주항공,0,2026-08-03 20:00,2026-08-03 23:50,350,594.0,high,570000,980000
2026-06-22,PUS,BKK,2026-08-03,2026-08-09,4,1549042.0,"동방항공,상하이항공",1,2026-08-03 12:35,2026-08-03 20:55,620,694.0,high,570000,980000
2026-06-22,PUS,BKK,2026-08-03,2026-08-09,5,1726012.0,베트남항공,1,2026-08-03 11:00,2026-08-03 18:05,545,554.0,high,570000,980000
2026-06-22,PUS,BKK,2026-08-03,2026-08-09,6,1906624.0,비엣젯항공,1,2026-08-03 08:10,2026-08-03 14:45,515,711.0,high,570000,980000
2026-06-22,PUS,BKK,2026-08-03,2026-08-09,7,1906624.0,"비엣젯에어 타이,비엣젯항공",1,2026-08-03 08:10,2026-08-03 16:25,615,713.0,high,570000,980000
2026-06-22,PUS,BKK,2026-08-03,2026-08-09,8,2089600.0,대한항공,1,2026-08-03 07:00,2026-08-03 13:35,515,830.0,high,570000,980000
2026-06-22,PUS,DAD,2026-08-03,2026-08-08,1,721100.0,홍콩 익스프레스항공,1,2026-08-03 14:20,2026-08-04 11:05,1365,231.0,high,210000,500000
2026-06-22,PUS,DAD,2026-08-03,2026-08-08,2,736500.0,에어부산,0,2026-08-03 22:05,2026-08-04 01:10,305,251.0,high,210000,500000
2026-06-22,PUS,DAD,2026-08-03,2026-08-08,3,737400.0,진에어,0,2026-08-03 21:15,2026-08-03 23:55,280,239.0,high,210000,500000
2026-06-22,PUS,DAD,2026-08-03,2026-08-08,4,796500.0,에어부산,0,2026-08-03 20:50,2026-08-03 23:50,300,245.0,high,210000,500000
2026-06-22,PUS,DAD,2026-08-03,2026-08-08,5,948431.0,"대한항공,진에어",1,2026-08-03 16:30,2026-08-03 23:15,525,262.0,high,210000,500000
2026-06-22,PUS,DAD,2026-08-03,2026-08-08,6,1017300.0,"대한항공,아시아나항공",1,2026-08-03 16:30,2026-08-03 21:50,440,265.0,high,210000,500000
2026-06-22,PUS,DAD,2026-08-03,2026-08-08,7,1025327.0,대한항공,1,2026-08-03 08:45,2026-08-03 14:20,455,284.0,high,210000,500000
2026-06-22,PUS,DAD,2026-08-03,2026-08-08,8,1092511.0,베트남항공,1,2026-08-03 10:00,2026-08-03 16:50,530,300.0,high,210000,500000
2026-06-22,PUS,DAD,2026-08-03,2026-08-08,9,1101771.0,베트남항공,1,2026-08-03 11:00,2026-08-03 17:30,510,231.0,high,210000,500000
2026-06-22,PUS,DAD,2026-08-03,2026-08-09,1,716500.0,에어부산,0,2026-08-03 22:05,2026-08-04 01:10,305,251.0,high,215000,530000
2026-06-22,PUS,DAD,2026-08-03,2026-08-09,2,737400.0,진에어,0,2026-08-03 21:15,2026-08-03 23:55,280,239.0,high,215000,530000
2026-06-22,PUS,DAD,2026-08-03,2026-08-09,3,776500.0,에어부산,0,2026-08-03 20:50,2026-08-03 23:50,300,245.0,high,215000,530000
2026-06-22,PUS,DAD,2026-08-03,2026-08-09,4,811500.0,홍콩 익스프레스항공,1,2026-08-03 14:20,2026-08-04 11:05,1365,231.0,high,215000,530000
2026-06-22,PUS,DAD,2026-08-03,2026-08-09,5,913725.0,베트남항공,1,2026-08-03 10:00,2026-08-03 16:50,530,300.0,high,215000,530000
2026-06-22,PUS,DAD,2026-08-03,2026-08-09,6,924493.0,베트남항공,1,2026-08-03 11:00,2026-08-03 17:30,510,231.0,high,215000,530000
2026-06-22,PUS,DAD,2026-08-03,2026-08-09,7,954500.0,"대한항공,진에어",1,2026-08-03 16:30,2026-08-03 23:15,525,262.0,high,215000,530000
2026-06-22,PUS,DAD,2026-08-03,2026-08-09,8,995257.0,베트남항공,1,2026-08-03 07:55,2026-08-03 15:20,565,348.0,high,215000,530000
2026-06-22,PUS,DAD,2026-08-03,2026-08-09,9,1028200.0,대한항공,1,2026-08-03 08:45,2026-08-03 14:20,455,284.0,high,215000,530000
2026-06-22,PUS,CXR,2026-08-03,2026-08-08,1,766215.0,비엣젯항공,0,2026-08-03 10:55,2026-08-03 13:35,280,253.0,high,255000,530000
2026-06-22,PUS,CXR,2026-08-03,2026-08-08,2,810200.0,베트남항공,0,2026-08-03 07:55,2026-08-03 10:30,275,281.0,high,255000,530000
2026-06-22,PUS,CXR,2026-08-03,2026-08-08,3,812200.0,티웨이항공,0,2026-08-03 21:10,2026-08-04 00:10,300,252.0,high,255000,530000
2026-06-22,PUS,CXR,2026-08-03,2026-08-08,4,816500.0,에어부산,0,2026-08-03 19:20,2026-08-03 22:20,300,251.0,high,255000,530000
2026-06-22,PUS,CXR,2026-08-03,2026-08-08,5,877400.0,진에어,0,2026-08-03 20:05,2026-08-03 22:55,290,252.0,high,255000,530000
2026-06-22,PUS,CXR,2026-08-03,2026-08-08,6,892234.0,베트남항공,1,2026-08-03 11:00,2026-08-03 17:20,500,278.0,high,255000,530000
2026-06-22,PUS,CXR,2026-08-03,2026-08-09,1,641486.0,베트남항공,1,2026-08-03 11:00,2026-08-03 22:25,805,266.0,,,
2026-06-22,PUS,CXR,2026-08-03,2026-08-09,2,716500.0,에어부산,0,2026-08-03 19:20,2026-08-03 22:20,300,251.0,,,
2026-06-22,PUS,CXR,2026-08-03,2026-08-09,3,732200.0,티웨이항공,0,2026-08-03 21:10,2026-08-04 00:10,300,252.0,,,
2026-06-22,PUS,CXR,2026-08-03,2026-08-09,4,743016.0,베트남항공,1,2026-08-03 10:00,2026-08-03 20:20,740,270.0,,,
2026-06-22,PUS,CXR,2026-08-03,2026-08-09,5,766100.0,베트남항공,0,2026-08-03 07:55,2026-08-03 10:30,275,281.0,,,
2026-06-22,PUS,CXR,2026-08-03,2026-08-09,6,766215.0,비엣젯항공,0,2026-08-03 10:55,2026-08-03 13:35,280,253.0,,,
2026-06-22,PUS,CXR,2026-08-03,2026-08-09,7,772244.0,베트남항공,1,2026-08-03 11:00,2026-08-03 17:20,500,278.0,,,
2026-06-22,PUS,CXR,2026-08-03,2026-08-09,8,1102500.0,진에어,0,2026-08-03 20:05,2026-08-03 22:55,290,252.0,,,
2026-06-22,PUS,BKK,2026-08-03,2026-08-08,1,607800.0,제주항공,0,2026-08-03 20:00,2026-08-03 23:50,350,297.0,high,290000,475000
2026-06-22,PUS,BKK,2026-08-03,2026-08-08,2,655800.0,홍콩 익스프레스항공,1,2026-08-03 07:45,2026-08-03 15:30,585,257.0,high,290000,475000
2026-06-22,PUS,BKK,2026-08-03,2026-08-08,3,688000.0,에어부산,0,2026-08-03 18:00,2026-08-03 21:45,345,314.0,high,290000,475000
2026-06-22,PUS,BKK,2026-08-03,2026-08-08,4,798300.0,"캐세이패시픽항공,홍콩 익스프레스항공",1,2026-08-03 07:45,2026-08-03 14:00,495,260.0,high,290000,475000
2026-06-22,PUS,BKK,2026-08-03,2026-08-08,5,907541.0,"동방항공,상하이항공",1,2026-08-03 12:35,2026-08-03 20:55,620,347.0,high,290000,475000
2026-06-22,PUS,BKK,2026-08-03,2026-08-08,6,998995.0,베트남항공,1,2026-08-03 11:00,2026-08-03 18:05,545,277.0,high,290000,475000
2026-06-22,PUS,BKK,2026-08-03,2026-08-08,7,1047760.0,대한항공,1,2026-08-03 07:00,2026-08-03 13:35,515,415.0,high,290000,475000
2026-06-22,PUS,BKK,2026-08-03,2026-08-08,8,1136890.0,비엣젯항공,1,2026-08-03 08:10,2026-08-03 14:45,515,355.0,high,290000,475000
2026-06-22,PUS,BKK,2026-08-03,2026-08-09,1,576300.0,홍콩 익스프레스항공,1,2026-08-03 07:45,2026-08-03 15:30,585,257.0,high,285000,490000
2026-06-22,PUS,BKK,2026-08-03,2026-08-09,2,623000.0,에어부산,0,2026-08-03 18:00,2026-08-03 21:45,345,314.0,high,285000,490000
2026-06-22,PUS,BKK,2026-08-03,2026-08-09,3,641800.0,제주항공,0,2026-08-03 20:00,2026-08-03 23:50,350,297.0,high,285000,490000
2026-06-22,PUS,BKK,2026-08-03,2026-08-09,4,855268.0,베트남항공,1,2026-08-03 11:00,2026-08-03 18:05,545,277.0,high,285000,490000
2026-06-22,PUS,BKK,2026-08-03,2026-08-09,5,872800.0,"캐세이패시픽항공,홍콩 익스프레스항공",1,2026-08-03 07:45,2026-08-03 14:00,495,260.0,high,285000,490000
2026-06-22,PUS,BKK,2026-08-03,2026-08-09,6,936800.0,"동방항공,상하이항공",1,2026-08-03 12:35,2026-08-03 20:55,620,347.0,high,285000,490000
2026-06-22,PUS,BKK,2026-08-03,2026-08-09,7,953312.0,비엣젯항공,1,2026-08-03 08:10,2026-08-03 14:45,515,355.0,high,285000,490000
2026-06-22,PUS,BKK,2026-08-03,2026-08-09,8,953312.0,"비엣젯에어 타이,비엣젯항공",1,2026-08-03 08:10,2026-08-03 16:25,615,356.0,high,285000,490000
2026-06-23,PUS,DAD,2026-08-03,2026-08-08,1,732100.0,홍콩 익스프레스항공,1,2026-08-03 14:20,2026-08-04 11:05,1365,231.0,high,210000,540000
2026-06-23,PUS,DAD,2026-08-03,2026-08-08,2,736300.0,진에어,0,2026-08-03 21:15,2026-08-03 23:55,280,239.0,high,210000,540000
2026-06-23,PUS,DAD,2026-08-03,2026-08-08,3,776500.0,에어부산,0,2026-08-03 22:05,2026-08-04 01:10,305,251.0,high,210000,540000
2026-06-23,PUS,DAD,2026-08-03,2026-08-08,4,836500.0,에어부산,0,2026-08-03 20:50,2026-08-03 23:50,300,245.0,high,210000,540000
2026-06-23,PUS,DAD,2026-08-03,2026-08-08,5,954400.0,"대한항공,진에어",1,2026-08-03 16:30,2026-08-03 23:15,525,262.0,high,210000,540000
2026-06-23,PUS,DAD,2026-08-03,2026-08-08,6,1004753.0,베트남항공,1,2026-08-03 10:00,2026-08-03 17:20,560,297.0,high,210000,540000
2026-06-23,PUS,DAD,2026-08-03,2026-08-08,7,1017000.0,"대한항공,아시아나항공",1,2026-08-03 16:30,2026-08-03 21:50,440,265.0,high,210000,540000
2026-06-23,PUS,DAD,2026-08-03,2026-08-08,8,1029400.0,대한항공,1,2026-08-03 08:45,2026-08-03 14:20,455,284.0,high,210000,540000
2026-06-23,PUS,DAD,2026-08-03,2026-08-08,9,1091454.0,베트남항공,1,2026-08-03 10:00,2026-08-03 16:50,530,300.0,high,210000,540000
2026-06-23,PUS,DAD,2026-08-03,2026-08-09,1,716500.0,에어부산,0,2026-08-03 22:05,2026-08-04 01:10,305,251.0,high,215000,550000
2026-06-23,PUS,DAD,2026-08-03,2026-08-09,2,736300.0,진에어,0,2026-08-03 21:15,2026-08-03 23:55,280,239.0,high,215000,550000
2026-06-23,PUS,DAD,2026-08-03,2026-08-09,3,776500.0,에어부산,0,2026-08-03 20:50,2026-08-03 23:50,300,245.0,high,215000,550000
2026-06-23,PUS,DAD,2026-08-03,2026-08-09,4,780755.0,베트남항공,1,2026-08-03 11:00,2026-08-03 22:25,805,240.0,high,215000,550000
2026-06-23,PUS,DAD,2026-08-03,2026-08-09,5,855557.0,베트남항공,1,2026-08-03 07:55,2026-08-03 15:20,565,348.0,high,215000,550000
2026-06-23,PUS,DAD,2026-08-03,2026-08-09,6,945368.0,비엣젯항공,1,2026-08-03 08:10,2026-08-03 15:30,560,289.0,high,215000,550000
2026-06-23,PUS,DAD,2026-08-03,2026-08-09,7,951517.0,베트남항공,1,2026-08-03 10:00,2026-08-03 16:50,530,300.0,high,215000,550000
2026-06-23,PUS,DAD,2026-08-03,2026-08-09,8,1016030.0,대한항공,1,2026-08-03 08:00,2026-08-03 14:20,500,289.0,high,215000,550000
2026-06-23,PUS,DAD,2026-08-03,2026-08-09,9,1028100.0,대한항공,1,2026-08-03 08:45,2026-08-03 14:20,455,284.0,high,215000,550000
2026-06-23,PUS,CXR,2026-08-03,2026-08-08,1,721640.0,비엣젯항공,0,2026-08-03 10:55,2026-08-03 13:35,280,253.0,high,255000,550000
2026-06-23,PUS,CXR,2026-08-03,2026-08-08,2,808900.0,베트남항공,0,2026-08-03 07:55,2026-08-03 10:30,275,281.0,high,255000,550000
2026-06-23,PUS,CXR,2026-08-03,2026-08-08,3,812100.0,티웨이항공,0,2026-08-03 21:10,2026-08-04 00:10,300,252.0,high,255000,550000
2026-06-23,PUS,CXR,2026-08-03,2026-08-08,4,826300.0,진에어,0,2026-08-03 20:05,2026-08-03 22:55,290,252.0,high,255000,550000
2026-06-23,PUS,CXR,2026-08-03,2026-08-08,5,836500.0,에어부산,0,2026-08-03 19:20,2026-08-03 22:20,300,251.0,high,255000,550000
2026-06-23,PUS,CXR,2026-08-03,2026-08-08,6,891610.0,베트남항공,1,2026-08-03 11:00,2026-08-03 17:20,500,278.0,high,255000,550000
2026-06-23,PUS,CXR,2026-08-03,2026-08-09,1,716500.0,에어부산,0,2026-08-03 19:20,2026-08-03 22:20,300,251.0,high,260000,590000
2026-06-23,PUS,CXR,2026-08-03,2026-08-09,2,721640.0,비엣젯항공,0,2026-08-03 10:55,2026-08-03 13:35,280,253.0,high,260000,590000
2026-06-23,PUS,CXR,2026-08-03,2026-08-09,3,732100.0,티웨이항공,0,2026-08-03 21:10,2026-08-04 00:10,300,252.0,high,260000,590000
2026-06-23,PUS,CXR,2026-08-03,2026-08-09,4,764800.0,베트남항공,0,2026-08-03 07:55,2026-08-03 10:30,275,281.0,high,260000,590000
2026-06-23,PUS,CXR,2026-08-03,2026-08-09,5,847030.0,베트남항공,1,2026-08-03 11:00,2026-08-03 17:20,500,278.0,high,260000,590000
2026-06-23,PUS,CXR,2026-08-03,2026-08-09,6,1082400.0,진에어,0,2026-08-03 20:05,2026-08-03 22:55,290,252.0,high,260000,590000
2026-06-23,PUS,BKK,2026-08-03,2026-08-08,1,497590.0,동방항공,1,2026-08-03 18:55,2026-08-04 01:10,495,310.0,,,
2026-06-23,PUS,BKK,2026-08-03,2026-08-08,2,595300.0,홍콩 익스프레스항공,1,2026-08-03 07:45,2026-08-03 15:30,585,257.0,,,
2026-06-23,PUS,BKK,2026-08-03,2026-08-08,3,595300.0,홍콩 익스프레스항공,1,2026-08-03 14:20,2026-08-03 23:20,660,257.0,,,
2026-06-23,PUS,BKK,2026-08-03,2026-08-08,4,610000.0,제주항공,0,2026-08-03 20:00,2026-08-03 23:50,350,297.0,,,
2026-06-23,PUS,BKK,2026-08-03,2026-08-08,5,668000.0,에어부산,0,2026-08-03 18:00,2026-08-03 21:45,345,314.0,,,
2026-06-23,PUS,BKK,2026-08-03,2026-08-08,6,764304.0,"동방항공,상하이항공",1,2026-08-03 12:35,2026-08-03 20:55,620,347.0,,,
2026-06-23,PUS,BKK,2026-08-03,2026-08-08,7,977411.0,베트남항공,1,2026-08-03 11:00,2026-08-03 18:05,545,277.0,,,
2026-06-23,PUS,BKK,2026-08-03,2026-08-08,8,1031606.0,대한항공,1,2026-08-03 07:00,2026-08-03 13:35,515,415.0,,,
2026-06-23,PUS,BKK,2026-08-03,2026-08-09,1,554125.0,홍콩 익스프레스항공,1,2026-08-03 07:45,2026-08-03 15:30,585,257.0,high,290000,510000
2026-06-23,PUS,BKK,2026-08-03,2026-08-09,2,554125.0,홍콩 익스프레스항공,1,2026-08-03 14:20,2026-08-03 23:20,660,257.0,high,290000,510000
2026-06-23,PUS,BKK,2026-08-03,2026-08-09,3,562125.0,제주항공,0,2026-08-03 20:00,2026-08-03 23:50,350,297.0,high,290000,510000
2026-06-23,PUS,BKK,2026-08-03,2026-08-09,4,570925.0,에어부산,0,2026-08-03 18:00,2026-08-03 21:45,345,314.0,high,290000,510000
2026-06-23,PUS,BKK,2026-08-03,2026-08-09,5,870800.0,"캐세이패시픽항공,홍콩 익스프레스항공",1,2026-08-03 07:45,2026-08-03 14:00,495,260.0,high,290000,510000
2026-06-23,PUS,BKK,2026-08-03,2026-08-09,6,989400.0,대한항공,1,2026-08-03 16:30,2026-08-04 01:05,635,361.0,high,290000,510000
2026-06-23,PUS,BKK,2026-08-03,2026-08-09,7,1043400.0,대한항공,1,2026-08-03 07:00,2026-08-03 13:35,515,415.0,high,290000,510000
2026-06-23,PUS,BKK,2026-08-03,2026-08-09,8,1052000.0,중화항공,1,2026-08-03 20:00,2026-08-04 01:25,445,361.0,high,290000,510000
2026-06-23,PUS,BKK,2026-08-03,2026-08-09,9,1070614.0,비엣젯항공,1,2026-08-03 08:10,2026-08-03 14:45,515,355.0,high,290000,510000
2026-06-23,PUS,BKK,2026-08-03,2026-08-09,10,1070614.0,"비엣젯에어 타이,비엣젯항공",1,2026-08-03 08:10,2026-08-03 16:25,615,356.0,high,290000,510000
2026-06-23,PUS,BKK,2026-08-03,2026-08-09,11,1222000.0,에바항공,1,2026-08-03 19:10,2026-08-04 01:20,490,317.0,high,290000,510000
2026-06-23,PUS,DAD,2026-08-03,2026-08-08,1,732100.0,홍콩 익스프레스항공,1,2026-08-03 14:20,2026-08-04 11:05,1365,231.0,high,210000,540000
2026-06-23,PUS,DAD,2026-08-03,2026-08-08,2,736300.0,진에어,0,2026-08-03 21:15,2026-08-03 23:55,280,239.0,high,210000,540000
2026-06-23,PUS,DAD,2026-08-03,2026-08-08,3,776500.0,에어부산,0,2026-08-03 22:05,2026-08-04 01:10,305,251.0,high,210000,540000
2026-06-23,PUS,DAD,2026-08-03,2026-08-08,4,836500.0,에어부산,0,2026-08-03 20:50,2026-08-03 23:50,300,245.0,high,210000,540000
2026-06-23,PUS,DAD,2026-08-03,2026-08-08,5,954400.0,"대한항공,진에어",1,2026-08-03 16:30,2026-08-03 23:15,525,262.0,high,210000,540000
2026-06-23,PUS,DAD,2026-08-03,2026-08-08,6,1004753.0,베트남항공,1,2026-08-03 10:00,2026-08-03 17:20,560,297.0,high,210000,540000
2026-06-23,PUS,DAD,2026-08-03,2026-08-08,7,1017000.0,"대한항공,아시아나항공",1,2026-08-03 16:30,2026-08-03 21:50,440,265.0,high,210000,540000
2026-06-23,PUS,DAD,2026-08-03,2026-08-08,8,1029400.0,대한항공,1,2026-08-03 08:45,2026-08-03 14:20,455,284.0,high,210000,540000
2026-06-23,PUS,DAD,2026-08-03,2026-08-08,9,1091454.0,베트남항공,1,2026-08-03 10:00,2026-08-03 16:50,530,300.0,high,210000,540000
2026-06-23,PUS,DAD,2026-08-03,2026-08-09,1,716500.0,에어부산,0,2026-08-03 22:05,2026-08-04 01:10,305,251.0,high,215000,550000
2026-06-23,PUS,DAD,2026-08-03,2026-08-09,2,736300.0,진에어,0,2026-08-03 21:15,2026-08-03 23:55,280,239.0,high,215000,550000
2026-06-23,PUS,DAD,2026-08-03,2026-08-09,3,776500.0,에어부산,0,2026-08-03 20:50,2026-08-03 23:50,300,245.0,high,215000,550000
2026-06-23,PUS,DAD,2026-08-03,2026-08-09,4,780755.0,베트남항공,1,2026-08-03 11:00,2026-08-03 22:25,805,240.0,high,215000,550000
2026-06-23,PUS,DAD,2026-08-03,2026-08-09,5,855557.0,베트남항공,1,2026-08-03 07:55,2026-08-03 15:20,565,348.0,high,215000,550000
2026-06-23,PUS,DAD,2026-08-03,2026-08-09,6,945368.0,비엣젯항공,1,2026-08-03 08:10,2026-08-03 15:30,560,289.0,high,215000,550000
2026-06-23,PUS,DAD,2026-08-03,2026-08-09,7,951517.0,베트남항공,1,2026-08-03 10:00,2026-08-03 16:50,530,300.0,high,215000,550000
2026-06-23,PUS,DAD,2026-08-03,2026-08-09,8,1016030.0,대한항공,1,2026-08-03 08:00,2026-08-03 14:20,500,289.0,high,215000,550000
2026-06-23,PUS,DAD,2026-08-03,2026-08-09,9,1028100.0,대한항공,1,2026-08-03 08:45,2026-08-03 14:20,455,284.0,high,215000,550000
2026-06-23,PUS,CXR,2026-08-03,2026-08-08,1,721640.0,비엣젯항공,0,2026-08-03 10:55,2026-08-03 13:35,280,253.0,high,255000,550000
2026-06-23,PUS,CXR,2026-08-03,2026-08-08,2,808900.0,베트남항공,0,2026-08-03 07:55,2026-08-03 10:30,275,281.0,high,255000,550000
2026-06-23,PUS,CXR,2026-08-03,2026-08-08,3,812100.0,티웨이항공,0,2026-08-03 21:10,2026-08-04 00:10,300,252.0,high,255000,550000
2026-06-23,PUS,CXR,2026-08-03,2026-08-08,4,826300.0,진에어,0,2026-08-03 20:05,2026-08-03 22:55,290,252.0,high,255000,550000
2026-06-23,PUS,CXR,2026-08-03,2026-08-08,5,836500.0,에어부산,0,2026-08-03 19:20,2026-08-03 22:20,300,251.0,high,255000,550000
2026-06-23,PUS,CXR,2026-08-03,2026-08-08,6,891610.0,베트남항공,1,2026-08-03 11:00,2026-08-03 17:20,500,278.0,high,255000,550000
2026-06-23,PUS,CXR,2026-08-03,2026-08-09,1,716500.0,에어부산,0,2026-08-03 19:20,2026-08-03 22:20,300,251.0,high,260000,590000
2026-06-23,PUS,CXR,2026-08-03,2026-08-09,2,721640.0,비엣젯항공,0,2026-08-03 10:55,2026-08-03 13:35,280,253.0,high,260000,590000
2026-06-23,PUS,CXR,2026-08-03,2026-08-09,3,732100.0,티웨이항공,0,2026-08-03 21:10,2026-08-04 00:10,300,252.0,high,260000,590000
2026-06-23,PUS,CXR,2026-08-03,2026-08-09,4,764800.0,베트남항공,0,2026-08-03 07:55,2026-08-03 10:30,275,281.0,high,260000,590000
2026-06-23,PUS,CXR,2026-08-03,2026-08-09,5,847030.0,베트남항공,1,2026-08-03 11:00,2026-08-03 17:20,500,278.0,high,260000,590000
2026-06-23,PUS,CXR,2026-08-03,2026-08-09,6,1082400.0,진에어,0,2026-08-03 20:05,2026-08-03 22:55,290,252.0,high,260000,590000
2026-06-23,PUS,BKK,2026-08-03,2026-08-08,1,497590.0,동방항공,1,2026-08-03 18:55,2026-08-04 01:10,495,310.0,,,
2026-06-23,PUS,BKK,2026-08-03,2026-08-08,2,595300.0,홍콩 익스프레스항공,1,2026-08-03 07:45,2026-08-03 15:30,585,257.0,,,
2026-06-23,PUS,BKK,2026-08-03,2026-08-08,3,595300.0,홍콩 익스프레스항공,1,2026-08-03 14:20,2026-08-03 23:20,660,257.0,,,
2026-06-23,PUS,BKK,2026-08-03,2026-08-08,4,610000.0,제주항공,0,2026-08-03 20:00,2026-08-03 23:50,350,297.0,,,
2026-06-23,PUS,BKK,2026-08-03,2026-08-08,5,668000.0,에어부산,0,2026-08-03 18:00,2026-08-03 21:45,345,314.0,,,
2026-06-23,PUS,BKK,2026-08-03,2026-08-08,6,764304.0,"동방항공,상하이항공",1,2026-08-03 12:35,2026-08-03 20:55,620,347.0,,,
2026-06-23,PUS,BKK,2026-08-03,2026-08-08,7,977411.0,베트남항공,1,2026-08-03 11:00,2026-08-03 18:05,545,277.0,,,
2026-06-23,PUS,BKK,2026-08-03,2026-08-08,8,1031606.0,대한항공,1,2026-08-03 07:00,2026-08-03 13:35,515,415.0,,,
2026-06-23,PUS,BKK,2026-08-03,2026-08-09,1,554125.0,홍콩 익스프레스항공,1,2026-08-03 07:45,2026-08-03 15:30,585,257.0,high,290000,510000
2026-06-23,PUS,BKK,2026-08-03,2026-08-09,2,554125.0,홍콩 익스프레스항공,1,2026-08-03 14:20,2026-08-03 23:20,660,257.0,high,290000,510000
2026-06-23,PUS,BKK,2026-08-03,2026-08-09,3,562125.0,제주항공,0,2026-08-03 20:00,2026-08-03 23:50,350,297.0,high,290000,510000
2026-06-23,PUS,BKK,2026-08-03,2026-08-09,4,570925.0,에어부산,0,2026-08-03 18:00,2026-08-03 21:45,345,314.0,high,290000,510000
2026-06-23,PUS,BKK,2026-08-03,2026-08-09,5,870800.0,"캐세이패시픽항공,홍콩 익스프레스항공",1,2026-08-03 07:45,2026-08-03 14:00,495,260.0,high,290000,510000
2026-06-23,PUS,BKK,2026-08-03,2026-08-09,6,989400.0,대한항공,1,2026-08-03 16:30,2026-08-04 01:05,635,361.0,high,290000,510000
2026-06-23,PUS,BKK,2026-08-03,2026-08-09,7,1043400.0,대한항공,1,2026-08-03 07:00,2026-08-03 13:35,515,415.0,high,290000,510000
2026-06-23,PUS,BKK,2026-08-03,2026-08-09,8,1052000.0,중화항공,1,2026-08-03 20:00,2026-08-04 01:25,445,361.0,high,290000,510000
2026-06-23,PUS,BKK,2026-08-03,2026-08-09,9,1070614.0,비엣젯항공,1,2026-08-03 08:10,2026-08-03 14:45,515,355.0,high,290000,510000
2026-06-23,PUS,BKK,2026-08-03,2026-08-09,10,1070614.0,"비엣젯에어 타이,비엣젯항공",1,2026-08-03 08:10,2026-08-03 16:25,615,356.0,high,290000,510000
2026-06-23,PUS,BKK,2026-08-03,2026-08-09,11,1222000.0,에바항공,1,2026-08-03 19:10,2026-08-04 01:20,490,317.0,high,290000,510000
2026-06-23,PUS,DAD,2026-08-03,2026-08-08,1,732100.0,홍콩 익스프레스항공,1,2026-08-03 14:20,2026-08-04 11:05,1365,231.0,high,210000,540000
2026-06-23,PUS,DAD,2026-08-03,2026-08-08,2,736300.0,진에어,0,2026-08-03 21:15,2026-08-03 23:55,280,239.0,high,210000,540000
2026-06-23,PUS,DAD,2026-08-03,2026-08-08,3,776500.0,에어부산,0,2026-08-03 22:05,2026-08-04 01:10,305,251.0,high,210000,540000
2026-06-23,PUS,DAD,2026-08-03,2026-08-08,4,836500.0,에어부산,0,2026-08-03 20:50,2026-08-03 23:50,300,245.0,high,210000,540000
2026-06-23,PUS,DAD,2026-08-03,2026-08-08,5,954400.0,"대한항공,진에어",1,2026-08-03 16:30,2026-08-03 23:15,525,262.0,high,210000,540000
2026-06-23,PUS,DAD,2026-08-03,2026-08-08,6,1004753.0,베트남항공,1,2026-08-03 10:00,2026-08-03 17:20,560,297.0,high,210000,540000
2026-06-23,PUS,DAD,2026-08-03,2026-08-08,7,1017000.0,"대한항공,아시아나항공",1,2026-08-03 16:30,2026-08-03 21:50,440,265.0,high,210000,540000
2026-06-23,PUS,DAD,2026-08-03,2026-08-08,8,1029400.0,대한항공,1,2026-08-03 08:45,2026-08-03 14:20,455,284.0,high,210000,540000
2026-06-23,PUS,DAD,2026-08-03,2026-08-08,9,1091454.0,베트남항공,1,2026-08-03 10:00,2026-08-03 16:50,530,300.0,high,210000,540000
2026-06-23,PUS,DAD,2026-08-03,2026-08-09,1,716500.0,에어부산,0,2026-08-03 22:05,2026-08-04 01:10,305,251.0,high,215000,550000
2026-06-23,PUS,DAD,2026-08-03,2026-08-09,2,736300.0,진에어,0,2026-08-03 21:15,2026-08-03 23:55,280,239.0,high,215000,550000
2026-06-23,PUS,DAD,2026-08-03,2026-08-09,3,776500.0,에어부산,0,2026-08-03 20:50,2026-08-03 23:50,300,245.0,high,215000,550000
2026-06-23,PUS,DAD,2026-08-03,2026-08-09,4,780755.0,베트남항공,1,2026-08-03 11:00,2026-08-03 22:25,805,240.0,high,215000,550000
2026-06-23,PUS,DAD,2026-08-03,2026-08-09,5,855557.0,베트남항공,1,2026-08-03 07:55,2026-08-03 15:20,565,348.0,high,215000,550000
2026-06-23,PUS,DAD,2026-08-03,2026-08-09,6,945368.0,비엣젯항공,1,2026-08-03 08:10,2026-08-03 15:30,560,289.0,high,215000,550000
2026-06-23,PUS,DAD,2026-08-03,2026-08-09,7,951517.0,베트남항공,1,2026-08-03 10:00,2026-08-03 16:50,530,300.0,high,215000,550000
2026-06-23,PUS,DAD,2026-08-03,2026-08-09,8,1016030.0,대한항공,1,2026-08-03 08:00,2026-08-03 14:20,500,289.0,high,215000,550000
2026-06-23,PUS,DAD,2026-08-03,2026-08-09,9,1028100.0,대한항공,1,2026-08-03 08:45,2026-08-03 14:20,455,284.0,high,215000,550000
2026-06-23,PUS,CXR,2026-08-03,2026-08-08,1,721640.0,비엣젯항공,0,2026-08-03 10:55,2026-08-03 13:35,280,253.0,high,255000,550000
2026-06-23,PUS,CXR,2026-08-03,2026-08-08,2,808900.0,베트남항공,0,2026-08-03 07:55,2026-08-03 10:30,275,281.0,high,255000,550000
2026-06-23,PUS,CXR,2026-08-03,2026-08-08,3,812100.0,티웨이항공,0,2026-08-03 21:10,2026-08-04 00:10,300,252.0,high,255000,550000
2026-06-23,PUS,CXR,2026-08-03,2026-08-08,4,826300.0,진에어,0,2026-08-03 20:05,2026-08-03 22:55,290,252.0,high,255000,550000
2026-06-23,PUS,CXR,2026-08-03,2026-08-08,5,836500.0,에어부산,0,2026-08-03 19:20,2026-08-03 22:20,300,251.0,high,255000,550000
2026-06-23,PUS,CXR,2026-08-03,2026-08-08,6,891610.0,베트남항공,1,2026-08-03 11:00,2026-08-03 17:20,500,278.0,high,255000,550000
2026-06-23,PUS,CXR,2026-08-03,2026-08-09,1,716500.0,에어부산,0,2026-08-03 19:20,2026-08-03 22:20,300,251.0,high,260000,590000
2026-06-23,PUS,CXR,2026-08-03,2026-08-09,2,721640.0,비엣젯항공,0,2026-08-03 10:55,2026-08-03 13:35,280,253.0,high,260000,590000
2026-06-23,PUS,CXR,2026-08-03,2026-08-09,3,732100.0,티웨이항공,0,2026-08-03 21:10,2026-08-04 00:10,300,252.0,high,260000,590000
2026-06-23,PUS,CXR,2026-08-03,2026-08-09,4,764800.0,베트남항공,0,2026-08-03 07:55,2026-08-03 10:30,275,281.0,high,260000,590000
2026-06-23,PUS,CXR,2026-08-03,2026-08-09,5,847030.0,베트남항공,1,2026-08-03 11:00,2026-08-03 17:20,500,278.0,high,260000,590000
2026-06-23,PUS,CXR,2026-08-03,2026-08-09,6,1082400.0,진에어,0,2026-08-03 20:05,2026-08-03 22:55,290,252.0,high,260000,590000
2026-06-23,PUS,BKK,2026-08-03,2026-08-08,1,497590.0,동방항공,1,2026-08-03 18:55,2026-08-04 01:10,495,310.0,,,
2026-06-23,PUS,BKK,2026-08-03,2026-08-08,2,595300.0,홍콩 익스프레스항공,1,2026-08-03 07:45,2026-08-03 15:30,585,257.0,,,
2026-06-23,PUS,BKK,2026-08-03,2026-08-08,3,595300.0,홍콩 익스프레스항공,1,2026-08-03 14:20,2026-08-03 23:20,660,257.0,,,
2026-06-23,PUS,BKK,2026-08-03,2026-08-08,4,610000.0,제주항공,0,2026-08-03 20:00,2026-08-03 23:50,350,297.0,,,
2026-06-23,PUS,BKK,2026-08-03,2026-08-08,5,668000.0,에어부산,0,2026-08-03 18:00,2026-08-03 21:45,345,314.0,,,
2026-06-23,PUS,BKK,2026-08-03,2026-08-08,6,764304.0,"동방항공,상하이항공",1,2026-08-03 12:35,2026-08-03 20:55,620,347.0,,,
2026-06-23,PUS,BKK,2026-08-03,2026-08-08,7,977411.0,베트남항공,1,2026-08-03 11:00,2026-08-03 18:05,545,277.0,,,
2026-06-23,PUS,BKK,2026-08-03,2026-08-08,8,1031606.0,대한항공,1,2026-08-03 07:00,2026-08-03 13:35,515,415.0,,,
2026-06-23,PUS,BKK,2026-08-03,2026-08-09,1,554125.0,홍콩 익스프레스항공,1,2026-08-03 07:45,2026-08-03 15:30,585,257.0,high,290000,510000
2026-06-23,PUS,BKK,2026-08-03,2026-08-09,2,554125.0,홍콩 익스프레스항공,1,2026-08-03 14:20,2026-08-03 23:20,660,257.0,high,290000,510000
2026-06-23,PUS,BKK,2026-08-03,2026-08-09,3,562125.0,제주항공,0,2026-08-03 20:00,2026-08-03 23:50,350,297.0,high,290000,510000
2026-06-23,PUS,BKK,2026-08-03,2026-08-09,4,570925.0,에어부산,0,2026-08-03 18:00,2026-08-03 21:45,345,314.0,high,290000,510000
2026-06-23,PUS,BKK,2026-08-03,2026-08-09,5,870800.0,"캐세이패시픽항공,홍콩 익스프레스항공",1,2026-08-03 07:45,2026-08-03 14:00,495,260.0,high,290000,510000
2026-06-23,PUS,BKK,2026-08-03,2026-08-09,6,989400.0,대한항공,1,2026-08-03 16:30,2026-08-04 01:05,635,361.0,high,290000,510000
2026-06-23,PUS,BKK,2026-08-03,2026-08-09,7,1043400.0,대한항공,1,2026-08-03 07:00,2026-08-03 13:35,515,415.0,high,290000,510000
2026-06-23,PUS,BKK,2026-08-03,2026-08-09,8,1052000.0,중화항공,1,2026-08-03 20:00,2026-08-04 01:25,445,361.0,high,290000,510000
2026-06-23,PUS,BKK,2026-08-03,2026-08-09,9,1070614.0,비엣젯항공,1,2026-08-03 08:10,2026-08-03 14:45,515,355.0,high,290000,510000
2026-06-23,PUS,BKK,2026-08-03,2026-08-09,10,1070614.0,"비엣젯에어 타이,비엣젯항공",1,2026-08-03 08:10,2026-08-03 16:25,615,356.0,high,290000,510000
2026-06-23,PUS,BKK,2026-08-03,2026-08-09,11,1222000.0,에바항공,1,2026-08-03 19:10,2026-08-04 01:20,490,317.0,high,290000,510000
2026-06-23,ICN,DAD,2026-08-03,2026-08-08,1,534400.0,제주항공,0,2026-08-03 21:30,2026-08-04 00:30,300,252.0,high,220000,455000
2026-06-23,ICN,DAD,2026-08-03,2026-08-08,2,538900.0,에어서울,0,2026-08-03 20:55,2026-08-03 23:40,285,299.0,high,220000,455000
2026-06-23,ICN,DAD,2026-08-03,2026-08-08,3,557674.0,홍콩항공,1,2026-08-03 02:35,2026-08-04 03:00,1585,293.0,high,220000,455000
2026-06-23,ICN,DAD,2026-08-03,2026-08-08,4,622900.0,아시아나항공,0,2026-08-03 19:20,2026-08-03 21:50,270,216.0,high,220000,455000
2026-06-23,ICN,DAD,2026-08-03,2026-08-08,5,636887.0,베트남항공,0,2026-08-03 00:30,2026-08-03 03:15,285,281.0,high,220000,455000
2026-06-23,ICN,DAD,2026-08-03,2026-08-08,6,641300.0,진에어,0,2026-08-03 20:30,2026-08-03 23:15,285,213.0,high,220000,455000
2026-06-23,ICN,DAD,2026-08-03,2026-08-08,7,642100.0,티웨이항공,0,2026-08-03 21:35,2026-08-04 00:25,290,252.0,high,220000,455000
2026-06-23,ICN,DAD,2026-08-03,2026-08-08,8,668400.0,제주항공,0,2026-08-03 09:10,2026-08-03 12:10,300,213.0,high,220000,455000
2026-06-23,ICN,DAD,2026-08-03,2026-08-08,9,676855.0,베트남항공,0,2026-08-03 11:05,2026-08-03 13:50,285,281.0,high,220000,455000
2026-06-23,ICN,DAD,2026-08-03,2026-08-08,10,708458.0,비엣젯항공,0,2026-08-03 22:45,2026-08-04 01:25,280,253.0,high,220000,455000
2026-06-23,ICN,DAD,2026-08-03,2026-08-08,11,729100.0,티웨이항공,0,2026-08-03 07:55,2026-08-03 10:45,290,213.0,high,220000,455000
2026-06-23,ICN,DAD,2026-08-03,2026-08-08,12,776700.0,대한항공,0,2026-08-03 18:20,2026-08-03 21:05,285,239.0,high,220000,455000
2026-06-23,ICN,DAD,2026-08-03,2026-08-08,13,794089.0,비엣젯항공,0,2026-08-03 07:00,2026-08-03 09:40,280,253.0,high,220000,455000
2026-06-23,ICN,DAD,2026-08-03,2026-08-08,14,886700.0,대한항공,0,2026-08-03 11:40,2026-08-03 14:20,280,235.0,high,220000,455000
2026-06-23,ICN,DAD,2026-08-03,2026-08-09,1,510556.0,홍콩항공,1,2026-08-03 02:35,2026-08-04 03:00,1585,293.0,,,
2026-06-23,ICN,DAD,2026-08-03,2026-08-09,2,511190.0,에어서울,0,2026-08-03 20:55,2026-08-03 23:40,285,299.0,,,
2026-06-23,ICN,DAD,2026-08-03,2026-08-09,3,554400.0,제주항공,0,2026-08-03 21:30,2026-08-04 00:30,300,252.0,,,
2026-06-23,ICN,DAD,2026-08-03,2026-08-09,4,611954.0,베트남항공,0,2026-08-03 00:30,2026-08-03 03:15,285,281.0,,,
2026-06-23,ICN,DAD,2026-08-03,2026-08-09,5,622900.0,아시아나항공,0,2026-08-03 19:20,2026-08-03 21:50,270,216.0,,,
2026-06-23,ICN,DAD,2026-08-03,2026-08-09,6,641300.0,진에어,0,2026-08-03 20:30,2026-08-03 23:15,285,213.0,,,
2026-06-23,ICN,DAD,2026-08-03,2026-08-09,7,642100.0,티웨이항공,0,2026-08-03 21:35,2026-08-04 00:25,290,252.0,,,
2026-06-23,ICN,DAD,2026-08-03,2026-08-09,8,652686.0,비엣젯항공,0,2026-08-03 22:45,2026-08-04 01:25,280,253.0,,,
2026-06-23,ICN,DAD,2026-08-03,2026-08-09,9,658754.0,베트남항공,0,2026-08-03 11:05,2026-08-03 13:50,285,281.0,,,
2026-06-23,ICN,DAD,2026-08-03,2026-08-09,10,688400.0,제주항공,0,2026-08-03 09:10,2026-08-03 12:10,300,213.0,,,
2026-06-23,ICN,DAD,2026-08-03,2026-08-09,11,729100.0,티웨이항공,0,2026-08-03 07:55,2026-08-03 10:45,290,213.0,,,
2026-06-23,ICN,DAD,2026-08-03,2026-08-09,12,738317.0,비엣젯항공,0,2026-08-03 07:00,2026-08-03 09:40,280,253.0,,,
2026-06-23,ICN,DAD,2026-08-03,2026-08-09,13,754554.0,대한항공,0,2026-08-03 18:20,2026-08-03 21:05,285,239.0,,,
2026-06-23,ICN,DAD,2026-08-03,2026-08-09,14,871700.0,대한항공,0,2026-08-03 11:40,2026-08-03 14:20,280,235.0,,,
2026-06-23,ICN,CXR,2026-08-03,2026-08-08,1,639000.0,제주항공,0,2026-08-03 21:25,2026-08-04 00:35,310,223.0,high,285000,550000
2026-06-23,ICN,CXR,2026-08-03,2026-08-08,2,659945.0,베트남항공,0,2026-08-03 06:50,2026-08-03 09:45,295,295.0,high,285000,550000
2026-06-23,ICN,CXR,2026-08-03,2026-08-08,3,663500.0,에어서울,0,2026-08-03 19:50,2026-08-03 22:55,305,314.0,high,285000,550000
2026-06-23,ICN,CXR,2026-08-03,2026-08-08,4,681300.0,진에어,0,2026-08-03 20:40,2026-08-03 23:45,305,223.0,high,285000,550000
2026-06-23,ICN,CXR,2026-08-03,2026-08-08,5,721500.0,에어부산,0,2026-08-03 17:10,2026-08-03 20:20,310,264.0,high,285000,550000
2026-06-23,ICN,CXR,2026-08-03,2026-08-08,6,760100.0,티웨이항공,0,2026-08-03 19:00,2026-08-03 22:30,330,264.0,high,285000,550000
2026-06-23,ICN,CXR,2026-08-03,2026-08-08,7,820214.0,이스타항공,0,2026-08-03 20:55,2026-08-03 23:55,300,264.0,high,285000,550000
2026-06-23,ICN,CXR,2026-08-03,2026-08-08,8,822241.0,비엣젯항공,0,2026-08-03 06:15,2026-08-03 09:05,290,266.0,high,285000,550000
2026-06-23,ICN,CXR,2026-08-03,2026-08-08,9,868700.0,대한항공,0,2026-08-03 19:55,2026-08-03 23:05,310,234.0,high,285000,550000
2026-06-23,ICN,CXR,2026-08-03,2026-08-08,10,873268.0,비엣젯항공,0,2026-08-03 06:45,2026-08-03 09:35,290,266.0,high,285000,550000
2026-06-23,ICN,CXR,2026-08-03,2026-08-09,1,641500.0,에어부산,0,2026-08-03 17:10,2026-08-03 20:20,310,264.0,high,290000,570000
2026-06-23,ICN,CXR,2026-08-03,2026-08-09,2,663500.0,에어서울,0,2026-08-03 19:50,2026-08-03 22:55,305,314.0,high,290000,570000
2026-06-23,ICN,CXR,2026-08-03,2026-08-09,3,689000.0,제주항공,0,2026-08-03 21:25,2026-08-04 00:35,310,223.0,high,290000,570000
2026-06-23,ICN,CXR,2026-08-03,2026-08-09,4,701300.0,진에어,0,2026-08-03 20:40,2026-08-03 23:45,305,223.0,high,290000,570000
2026-06-23,ICN,CXR,2026-08-03,2026-08-09,5,713100.0,티웨이항공,0,2026-08-03 19:00,2026-08-03 22:30,330,264.0,high,290000,570000
2026-06-23,ICN,CXR,2026-08-03,2026-08-09,6,742496.0,베트남항공,0,2026-08-03 06:50,2026-08-03 09:45,295,295.0,high,290000,570000
2026-06-23,ICN,CXR,2026-08-03,2026-08-09,7,771215.0,비엣젯항공,0,2026-08-03 06:15,2026-08-03 09:05,290,266.0,high,290000,570000
2026-06-23,ICN,CXR,2026-08-03,2026-08-09,8,822242.0,비엣젯항공,0,2026-08-03 06:45,2026-08-03 09:35,290,266.0,high,290000,570000
2026-06-23,ICN,CXR,2026-08-03,2026-08-09,9,953700.0,대한항공,0,2026-08-03 19:55,2026-08-03 23:05,310,234.0,high,290000,570000
2026-06-23,ICN,BKK,2026-08-03,2026-08-08,1,491800.0,산둥항공,1,2026-08-03 16:45,2026-08-04 01:50,665,340.0,typical,235000,495000
2026-06-23,ICN,BKK,2026-08-03,2026-08-08,2,491800.0,산둥항공,1,2026-08-03 23:40,2026-08-05 01:25,1665,345.0,typical,235000,495000
2026-06-23,ICN,BKK,2026-08-03,2026-08-08,3,517980.0,샤먼항공,1,2026-08-03 13:30,2026-08-04 00:50,800,351.0,typical,235000,495000
2026-06-23,ICN,BKK,2026-08-03,2026-08-08,4,543000.0,제주항공,0,2026-08-03 20:05,2026-08-04 00:10,365,260.0,typical,235000,495000
2026-06-23,ICN,BKK,2026-08-03,2026-08-08,5,630600.0,진에어,0,2026-08-03 19:55,2026-08-03 23:45,350,308.0,typical,235000,495000
2026-06-23,ICN,BKK,2026-08-03,2026-08-08,6,642300.0,THAI,0,2026-08-03 09:35,2026-08-03 13:25,350,300.0,typical,235000,495000
2026-06-23,ICN,BKK,2026-08-03,2026-08-08,7,642300.0,THAI,0,2026-08-03 10:20,2026-08-03 14:10,350,307.0,typical,235000,495000
2026-06-23,ICN,BKK,2026-08-03,2026-08-08,8,689341.0,비엣젯에어 타이,0,2026-08-03 12:10,2026-08-03 16:00,350,344.0,typical,235000,495000
2026-06-23,ICN,BKK,2026-08-03,2026-08-08,9,711400.0,티웨이항공,0,2026-08-03 18:00,2026-08-03 22:05,365,260.0,typical,235000,495000
2026-06-23,ICN,BKK,2026-08-03,2026-08-08,10,817800.0,THAI,0,2026-08-03 16:55,2026-08-03 20:45,350,300.0,typical,235000,495000
2026-06-23,ICN,BKK,2026-08-03,2026-08-08,11,833000.0,대한항공,0,2026-08-03 21:15,2026-08-04 01:05,350,312.0,typical,235000,495000
2026-06-23,ICN,BKK,2026-08-03,2026-08-08,12,842200.0,아시아나항공,0,2026-08-03 19:35,2026-08-03 23:35,360,287.0,typical,235000,495000
2026-06-23,ICN,BKK,2026-08-03,2026-08-08,13,888000.0,대한항공,0,2026-08-03 09:45,2026-08-03 13:35,350,359.0,typical,235000,495000
2026-06-23,ICN,BKK,2026-08-03,2026-08-08,14,888000.0,대한항공,0,2026-08-03 18:05,2026-08-03 21:45,340,318.0,typical,235000,495000
2026-06-23,ICN,BKK,2026-08-03,2026-08-08,15,888000.0,대한항공,0,2026-08-03 19:45,2026-08-03 23:35,350,293.0,typical,235000,495000
2026-06-23,ICN,BKK,2026-08-03,2026-08-08,16,987200.0,아시아나항공,0,2026-08-03 07:05,2026-08-03 10:40,335,302.0,typical,235000,495000
2026-06-23,ICN,BKK,2026-08-03,2026-08-09,1,491800.0,산둥항공,1,2026-08-03 16:45,2026-08-04 01:50,665,340.0,typical,240000,495000
2026-06-23,ICN,BKK,2026-08-03,2026-08-09,2,491800.0,산둥항공,1,2026-08-03 23:40,2026-08-05 01:25,1665,345.0,typical,240000,495000
2026-06-23,ICN,BKK,2026-08-03,2026-08-09,3,517980.0,샤먼항공,1,2026-08-03 13:30,2026-08-04 00:50,800,351.0,typical,240000,495000
2026-06-23,ICN,BKK,2026-08-03,2026-08-09,4,575300.0,홍콩 익스프레스항공,1,2026-08-03 12:45,2026-08-03 18:55,490,336.0,typical,240000,495000
2026-06-23,ICN,BKK,2026-08-03,2026-08-09,5,608000.0,제주항공,0,2026-08-03 20:05,2026-08-04 00:10,365,260.0,typical,240000,495000
2026-06-23,ICN,BKK,2026-08-03,2026-08-09,6,642300.0,THAI,0,2026-08-03 09:35,2026-08-03 13:25,350,300.0,typical,240000,495000
2026-06-23,ICN,BKK,2026-08-03,2026-08-09,7,642300.0,THAI,0,2026-08-03 10:20,2026-08-03 14:10,350,307.0,typical,240000,495000
2026-06-23,ICN,BKK,2026-08-03,2026-08-09,8,650600.0,진에어,0,2026-08-03 19:55,2026-08-03 23:45,350,308.0,typical,240000,495000
2026-06-23,ICN,BKK,2026-08-03,2026-08-09,9,658092.0,비엣젯에어 타이,0,2026-08-03 12:10,2026-08-03 16:00,350,344.0,typical,240000,495000
2026-06-23,ICN,BKK,2026-08-03,2026-08-09,10,711400.0,티웨이항공,0,2026-08-03 18:00,2026-08-03 22:05,365,260.0,typical,240000,495000
2026-06-23,ICN,BKK,2026-08-03,2026-08-09,11,752200.0,아시아나항공,0,2026-08-03 19:35,2026-08-03 23:35,360,287.0,typical,240000,495000
2026-06-23,ICN,BKK,2026-08-03,2026-08-09,12,817800.0,THAI,0,2026-08-03 16:55,2026-08-03 20:45,350,300.0,typical,240000,495000
2026-06-23,ICN,BKK,2026-08-03,2026-08-09,13,833000.0,대한항공,0,2026-08-03 21:15,2026-08-04 01:05,350,312.0,typical,240000,495000
2026-06-23,ICN,BKK,2026-08-03,2026-08-09,14,888000.0,대한항공,0,2026-08-03 09:45,2026-08-03 13:35,350,359.0,typical,240000,495000
2026-06-23,ICN,BKK,2026-08-03,2026-08-09,15,888000.0,대한항공,0,2026-08-03 18:05,2026-08-03 21:45,340,318.0,typical,240000,495000
2026-06-23,ICN,BKK,2026-08-03,2026-08-09,16,888000.0,대한항공,0,2026-08-03 19:45,2026-08-03 23:35,350,293.0,typical,240000,495000
2026-06-23,ICN,BKK,2026-08-03,2026-08-09,17,897200.0,아시아나항공,0,2026-08-03 07:05,2026-08-03 10:40,335,302.0,typical,240000,495000
2026-06-23,ICN,DAD,2026-08-03,2026-08-08,1,534400.0,제주항공,0,2026-08-03 21:30,2026-08-04 00:30,300,252.0,high,220000,460000
2026-06-23,ICN,DAD,2026-08-03,2026-08-08,2,538900.0,에어서울,0,2026-08-03 20:55,2026-08-03 23:40,285,299.0,high,220000,460000
2026-06-23,ICN,DAD,2026-08-03,2026-08-08,3,622900.0,아시아나항공,0,2026-08-03 19:20,2026-08-03 21:50,270,216.0,high,220000,460000
2026-06-23,ICN,DAD,2026-08-03,2026-08-09,1,518900.0,에어서울,0,2026-08-03 20:55,2026-08-03 23:40,285,299.0,high,220000,470000
2026-06-23,ICN,DAD,2026-08-03,2026-08-09,2,554400.0,제주항공,0,2026-08-03 21:30,2026-08-04 00:30,300,252.0,high,220000,470000
2026-06-23,ICN,DAD,2026-08-03,2026-08-09,3,612917.0,베트남항공,0,2026-08-03 00:30,2026-08-03 03:15,285,281.0,high,220000,470000
2026-06-23,ICN,CXR,2026-08-03,2026-08-08,1,639000.0,제주항공,0,2026-08-03 21:25,2026-08-04 00:35,310,223.0,high,285000,590000
2026-06-23,ICN,CXR,2026-08-03,2026-08-08,2,663500.0,에어서울,0,2026-08-03 19:50,2026-08-03 22:55,305,314.0,high,285000,590000
2026-06-23,ICN,CXR,2026-08-03,2026-08-08,3,681300.0,진에어,0,2026-08-03 20:40,2026-08-03 23:45,305,223.0,high,285000,590000
2026-06-23,ICN,CXR,2026-08-03,2026-08-09,1,641500.0,에어부산,0,2026-08-03 17:10,2026-08-03 20:20,310,264.0,high,290000,610000
2026-06-23,ICN,CXR,2026-08-03,2026-08-09,2,663500.0,에어서울,0,2026-08-03 19:50,2026-08-03 22:55,305,314.0,high,290000,610000
2026-06-23,ICN,CXR,2026-08-03,2026-08-09,3,689000.0,제주항공,0,2026-08-03 21:25,2026-08-04 00:35,310,223.0,high,290000,610000
2026-06-23,ICN,BKK,2026-08-03,2026-08-08,1,543000.0,제주항공,0,2026-08-03 20:05,2026-08-04 00:10,365,260.0,typical,235000,580000
2026-06-23,ICN,BKK,2026-08-03,2026-08-08,2,630600.0,진에어,0,2026-08-03 19:55,2026-08-03 23:45,350,308.0,typical,235000,580000
2026-06-23,ICN,BKK,2026-08-03,2026-08-08,3,642300.0,THAI,0,2026-08-03 09:35,2026-08-03 13:25,350,300.0,typical,235000,580000
2026-06-23,ICN,BKK,2026-08-03,2026-08-09,1,608000.0,제주항공,0,2026-08-03 20:05,2026-08-04 00:10,365,260.0,high,240000,560000
2026-06-23,ICN,BKK,2026-08-03,2026-08-09,2,642300.0,THAI,0,2026-08-03 09:35,2026-08-03 13:25,350,300.0,high,240000,560000
2026-06-23,ICN,BKK,2026-08-03,2026-08-09,3,650600.0,진에어,0,2026-08-03 19:55,2026-08-03 23:45,350,308.0,high,240000,560000
2026-06-23,PUS,DAD,2026-08-03,2026-08-08,1,736300.0,진에어,0,2026-08-03 21:15,2026-08-03 23:55,280,239.0,high,210000,560000
2026-06-23,PUS,DAD,2026-08-03,2026-08-08,2,776500.0,에어부산,0,2026-08-03 22:05,2026-08-04 01:10,305,251.0,high,210000,560000
2026-06-23,PUS,DAD,2026-08-03,2026-08-09,1,716500.0,에어부산,0,2026-08-03 22:05,2026-08-04 01:10,305,251.0,high,215000,570000
2026-06-23,PUS,DAD,2026-08-03,2026-08-09,2,736300.0,진에어,0,2026-08-03 21:15,2026-08-03 23:55,280,239.0,high,215000,570000
2026-06-23,PUS,CXR,2026-08-03,2026-08-08,1,721640.0,비엣젯항공,0,2026-08-03 10:55,2026-08-03 13:35,280,253.0,high,255000,560000
2026-06-23,PUS,CXR,2026-08-03,2026-08-08,2,764800.0,베트남항공,0,2026-08-03 07:55,2026-08-03 10:30,275,281.0,high,255000,560000
2026-06-23,PUS,CXR,2026-08-03,2026-08-08,3,781300.0,진에어,0,2026-08-03 20:05,2026-08-03 22:55,290,252.0,high,255000,560000
2026-06-23,PUS,CXR,2026-08-03,2026-08-09,1,716500.0,에어부산,0,2026-08-03 19:20,2026-08-03 22:20,300,251.0,high,265000,600000
2026-06-23,PUS,CXR,2026-08-03,2026-08-09,2,721640.0,비엣젯항공,0,2026-08-03 10:55,2026-08-03 13:35,280,253.0,high,265000,600000
2026-06-23,PUS,CXR,2026-08-03,2026-08-09,3,732100.0,티웨이항공,0,2026-08-03 21:10,2026-08-04 00:10,300,252.0,high,265000,600000
2026-06-23,PUS,BKK,2026-08-03,2026-08-08,1,610000.0,제주항공,0,2026-08-03 20:00,2026-08-03 23:50,350,297.0,high,315000,580000
2026-06-23,PUS,BKK,2026-08-03,2026-08-08,2,668000.0,에어부산,0,2026-08-03 18:00,2026-08-03 21:45,345,314.0,high,315000,580000
2026-06-23,PUS,BKK,2026-08-03,2026-08-09,1,563376.0,제주항공,0,2026-08-03 20:00,2026-08-03 23:50,350,297.0,typical,330000,610000
2026-06-23,PUS,BKK,2026-08-03,2026-08-09,2,572176.0,에어부산,0,2026-08-03 18:00,2026-08-03 21:45,345,314.0,typical,330000,610000
2026-06-24,ICN,DAD,2026-08-03,2026-08-08,1,553800.0,에어서울,0,2026-08-03 20:55,2026-08-03 23:40,285,299.0,high,220000,460000
2026-06-24,ICN,DAD,2026-08-03,2026-08-08,2,568400.0,제주항공,0,2026-08-03 21:30,2026-08-04 00:30,300,252.0,high,220000,460000
2026-06-24,ICN,DAD,2026-08-03,2026-08-08,3,618685.0,이스타항공,0,2026-08-03 20:35,2026-08-03 23:25,290,252.0,high,220000,460000
2026-06-24,ICN,DAD,2026-08-03,2026-08-09,1,553800.0,에어서울,0,2026-08-03 20:55,2026-08-03 23:40,285,299.0,high,220000,470000
2026-06-24,ICN,DAD,2026-08-03,2026-08-09,2,568400.0,제주항공,0,2026-08-03 21:30,2026-08-04 00:30,300,252.0,high,220000,470000
2026-06-24,ICN,DAD,2026-08-03,2026-08-09,3,622242.0,비엣젯항공,0,2026-08-03 22:45,2026-08-04 01:25,280,253.0,high,220000,470000
2026-06-24,ICN,CXR,2026-08-03,2026-08-08,1,640082.0,에어서울,0,2026-08-03 19:50,2026-08-03 22:55,305,314.0,high,285000,590000
2026-06-24,ICN,CXR,2026-08-03,2026-08-08,2,649200.0,제주항공,0,2026-08-03 21:25,2026-08-04 00:35,310,223.0,high,285000,590000
2026-06-24,ICN,CXR,2026-08-03,2026-08-08,3,683300.0,진에어,0,2026-08-03 20:40,2026-08-03 23:45,305,223.0,high,285000,590000
2026-06-24,ICN,CXR,2026-08-03,2026-08-09,1,641450.0,에어부산,0,2026-08-03 17:10,2026-08-03 20:20,310,264.0,high,290000,610000
2026-06-24,ICN,CXR,2026-08-03,2026-08-09,2,649200.0,제주항공,0,2026-08-03 21:25,2026-08-04 00:35,310,223.0,high,290000,610000
2026-06-24,ICN,CXR,2026-08-03,2026-08-09,3,678400.0,에어서울,0,2026-08-03 19:50,2026-08-03 22:55,305,314.0,high,290000,610000
2026-06-24,ICN,BKK,2026-08-03,2026-08-08,1,593200.0,제주항공,0,2026-08-03 20:05,2026-08-04 00:10,365,260.0,high,235000,580000
2026-06-24,ICN,BKK,2026-08-03,2026-08-08,2,632600.0,진에어,0,2026-08-03 19:55,2026-08-03 23:45,350,308.0,high,235000,580000
2026-06-24,ICN,BKK,2026-08-03,2026-08-08,3,644600.0,THAI,0,2026-08-03 09:35,2026-08-03 13:25,350,300.0,high,235000,580000
2026-06-24,ICN,BKK,2026-08-03,2026-08-09,1,608200.0,제주항공,0,2026-08-03 20:05,2026-08-04 00:10,365,260.0,high,240000,560000
2026-06-24,ICN,BKK,2026-08-03,2026-08-09,2,644600.0,THAI,0,2026-08-03 09:35,2026-08-03 13:25,350,300.0,high,240000,560000
2026-06-24,ICN,BKK,2026-08-03,2026-08-09,3,652600.0,진에어,0,2026-08-03 19:55,2026-08-03 23:45,350,308.0,high,240000,560000
2026-06-24,PUS,DAD,2026-08-03,2026-08-08,1,736400.0,에어부산,0,2026-08-03 22:05,2026-08-04 01:10,305,251.0,high,210000,560000
2026-06-24,PUS,DAD,2026-08-03,2026-08-08,2,738300.0,진에어,0,2026-08-03 21:15,2026-08-03 23:55,280,239.0,high,210000,560000
2026-06-24,PUS,DAD,2026-08-03,2026-08-09,1,736400.0,에어부산,0,2026-08-03 22:05,2026-08-04 01:10,305,251.0,high,215000,570000
2026-06-24,PUS,DAD,2026-08-03,2026-08-09,2,738300.0,진에어,0,2026-08-03 21:15,2026-08-03 23:55,280,239.0,high,215000,570000
2026-06-24,PUS,CXR,2026-08-03,2026-08-08,1,721640.0,비엣젯항공,0,2026-08-03 10:55,2026-08-03 13:35,280,253.0,high,255000,560000
2026-06-24,PUS,CXR,2026-08-03,2026-08-08,2,783300.0,진에어,0,2026-08-03 20:05,2026-08-03 22:55,290,252.0,high,255000,560000
2026-06-24,PUS,CXR,2026-08-03,2026-08-08,3,812300.0,티웨이항공,0,2026-08-03 21:10,2026-08-04 00:10,300,252.0,high,255000,560000
2026-06-24,PUS,CXR,2026-08-03,2026-08-09,1,716400.0,에어부산,0,2026-08-03 19:20,2026-08-03 22:20,300,251.0,high,265000,600000
2026-06-24,PUS,CXR,2026-08-03,2026-08-09,2,721640.0,비엣젯항공,0,2026-08-03 10:55,2026-08-03 13:35,280,253.0,high,265000,600000
2026-06-24,PUS,CXR,2026-08-03,2026-08-09,3,732300.0,티웨이항공,0,2026-08-03 21:10,2026-08-04 00:10,300,252.0,high,265000,600000
2026-06-24,PUS,BKK,2026-08-03,2026-08-08,1,588200.0,제주항공,0,2026-08-03 20:00,2026-08-03 23:50,350,297.0,high,315000,580000
2026-06-24,PUS,BKK,2026-08-03,2026-08-08,2,667600.0,에어부산,0,2026-08-03 18:00,2026-08-03 21:45,345,314.0,high,315000,580000
2026-06-24,PUS,BKK,2026-08-03,2026-08-09,1,573843.0,제주항공,0,2026-08-03 20:00,2026-08-03 23:50,350,297.0,typical,330000,610000
2026-06-24,PUS,BKK,2026-08-03,2026-08-09,2,593543.0,에어부산,0,2026-08-03 18:00,2026-08-03 21:45,345,314.0,typical,330000,610000
